               epoch,      train/box_loss,      train/obj_loss,      train/cls_loss,   metrics/precision,      metrics/recall,     metrics/mAP_0.5,metrics/mAP_0.5:0.95,        val/box_loss,        val/obj_loss,        val/cls_loss,               x/lr0,               x/lr1,               x/lr2
                   0,            0.074649,            0.025587,            0.088056,          1.1546e-05,           0.0070505,          7.6614e-06,          1.7915e-06,            0.066971,            0.013884,            0.087601,            1.56e-05,            1.56e-05,            0.084416
                   1,            0.064835,            0.027837,            0.086606,          0.00061202,            0.053792,          0.00044306,          9.5612e-05,              0.0792,            0.013283,            0.090436,          3.1299e-05,          3.1299e-05,            0.068731
                   2,            0.061725,            0.026065,            0.086169,            0.011409,            0.091745,           0.0076812,           0.0022604,            0.060804,            0.013668,            0.088362,          4.6996e-05,          4.6996e-05,            0.053047
                   3,            0.057014,            0.024169,            0.085815,            0.016746,             0.12134,            0.013974,           0.0047651,            0.050289,            0.011711,            0.085962,          6.2689e-05,          6.2689e-05,            0.037363
                   4,            0.054452,            0.022143,            0.085341,            0.027674,             0.15542,            0.023202,           0.0097471,             0.04649,            0.010628,            0.084621,          7.8375e-05,          7.8375e-05,            0.021678
                   5,            0.050816,            0.020934,            0.084741,            0.047427,             0.26539,            0.050492,            0.022238,             0.04667,           0.0099461,            0.083335,          9.4053e-05,          9.4053e-05,           0.0059941
                   6,            0.049184,            0.019871,            0.083867,            0.048636,             0.21165,            0.060787,            0.027283,            0.042938,           0.0093305,            0.082131,          9.9928e-05,          9.9928e-05,          9.9928e-05
                   7,            0.046981,            0.019135,            0.082698,            0.095626,             0.28057,            0.089316,            0.040469,            0.040415,           0.0092079,              0.0814,          9.9928e-05,          9.9928e-05,          9.9928e-05
                   8,             0.04522,            0.018424,            0.081139,             0.28331,             0.20272,            0.097728,            0.048504,            0.039054,            0.008151,             0.07863,          9.9902e-05,          9.9902e-05,          9.9902e-05
                   9,            0.044451,            0.017792,            0.079913,             0.13866,             0.33688,             0.13469,            0.071223,            0.037456,           0.0078872,             0.07723,          9.9872e-05,          9.9872e-05,          9.9872e-05
                  10,            0.043556,            0.017724,            0.078233,             0.17989,              0.3637,             0.15676,            0.086043,            0.035212,           0.0078874,            0.075541,          9.9839e-05,          9.9839e-05,          9.9839e-05
                  11,            0.042189,            0.017096,            0.076493,             0.38717,             0.22312,             0.14852,            0.083616,            0.036323,           0.0078424,            0.074163,          9.9801e-05,          9.9801e-05,          9.9801e-05
                  12,            0.041988,            0.016696,            0.075603,             0.16464,             0.36044,             0.16873,            0.089083,            0.038278,           0.0073012,            0.074825,          9.9759e-05,          9.9759e-05,          9.9759e-05
                  13,            0.041145,            0.016402,            0.073599,             0.30179,             0.35633,             0.22589,             0.11065,            0.036275,            0.007329,            0.068612,          9.9713e-05,          9.9713e-05,          9.9713e-05
                  14,            0.040129,            0.016099,            0.071783,             0.31362,             0.31896,             0.23254,             0.13391,             0.03252,            0.006989,            0.066611,          9.9663e-05,          9.9663e-05,          9.9663e-05
                  15,            0.040307,            0.015722,            0.069723,             0.37965,             0.33155,             0.26004,             0.14013,            0.034041,           0.0070425,            0.066512,           9.961e-05,           9.961e-05,           9.961e-05
                  16,            0.039593,            0.015727,            0.066854,             0.36054,             0.40718,             0.29913,             0.16254,            0.034234,           0.0065099,            0.062199,          9.9552e-05,          9.9552e-05,          9.9552e-05
                  17,            0.039542,            0.015581,            0.065394,              0.3772,             0.44889,             0.34137,             0.20419,             0.03196,           0.0068434,            0.059255,           9.949e-05,           9.949e-05,           9.949e-05
                  18,            0.038726,            0.015435,            0.062852,             0.43846,              0.3768,             0.35054,             0.20424,            0.031704,           0.0066383,            0.057901,          9.9425e-05,          9.9425e-05,          9.9425e-05
                  19,            0.038596,            0.015014,            0.061144,             0.33149,             0.41144,             0.32643,             0.17827,            0.032911,            0.006973,            0.060514,          9.9355e-05,          9.9355e-05,          9.9355e-05
                  20,            0.038237,            0.014943,            0.059197,             0.32648,             0.45847,             0.33562,             0.18762,            0.034947,           0.0070672,            0.058805,          9.9282e-05,          9.9282e-05,          9.9282e-05
                  21,            0.037982,            0.014998,            0.058341,               0.472,             0.42929,             0.42718,             0.25444,            0.031433,           0.0063233,             0.05411,          9.9205e-05,          9.9205e-05,          9.9205e-05
                  22,            0.036927,            0.014659,            0.055468,             0.40738,             0.51955,             0.44129,              0.2778,            0.030072,           0.0062445,            0.051507,          9.9123e-05,          9.9123e-05,          9.9123e-05
                  23,            0.036854,            0.014398,            0.053441,             0.39023,             0.53931,             0.47063,             0.28989,            0.030574,           0.0062232,            0.049969,          9.9038e-05,          9.9038e-05,          9.9038e-05
                  24,            0.036587,            0.014214,            0.051564,             0.38898,             0.53465,             0.45988,             0.28066,            0.031679,           0.0063941,            0.050531,          9.8949e-05,          9.8949e-05,          9.8949e-05
                  25,            0.036925,            0.014067,            0.050146,              0.4923,             0.49362,             0.51364,             0.32233,            0.030153,           0.0060807,            0.046516,          9.8856e-05,          9.8856e-05,          9.8856e-05
                  26,             0.03623,              0.0141,             0.04997,             0.45731,             0.58214,             0.54626,              0.3295,            0.030802,           0.0060742,            0.045879,          9.8759e-05,          9.8759e-05,          9.8759e-05
                  27,            0.036279,            0.013798,            0.047159,             0.46489,             0.56053,             0.56247,             0.35839,            0.029187,           0.0061867,            0.045006,          9.8658e-05,          9.8658e-05,          9.8658e-05
                  28,            0.035675,            0.013779,            0.046126,             0.47067,             0.61688,             0.56643,             0.35996,            0.028812,           0.0059446,            0.043082,          9.8553e-05,          9.8553e-05,          9.8553e-05
                  29,            0.035561,            0.013764,            0.044071,             0.47246,             0.64965,             0.59202,             0.36943,            0.029658,           0.0060119,            0.042035,          9.8445e-05,          9.8445e-05,          9.8445e-05
                  30,            0.034948,            0.013433,            0.044129,             0.48175,             0.67012,             0.59912,             0.38512,            0.029285,           0.0061033,            0.042891,          9.8332e-05,          9.8332e-05,          9.8332e-05
                  31,            0.034674,            0.013455,            0.041382,             0.64148,             0.61346,             0.66107,             0.40965,            0.028628,           0.0059512,            0.038703,          9.8216e-05,          9.8216e-05,          9.8216e-05
                  32,            0.034616,            0.013486,            0.040402,             0.59302,              0.6458,             0.66924,             0.42663,            0.028975,           0.0057859,             0.03547,          9.8096e-05,          9.8096e-05,          9.8096e-05
                  33,            0.034487,            0.013223,            0.039195,             0.61465,             0.65059,             0.68356,             0.43913,            0.029054,           0.0056758,            0.035807,          9.7972e-05,          9.7972e-05,          9.7972e-05
                  34,            0.034358,            0.012962,            0.038535,             0.56483,             0.68853,              0.6816,             0.44003,              0.0291,           0.0056907,            0.036526,          9.7844e-05,          9.7844e-05,          9.7844e-05
                  35,             0.03437,            0.012932,            0.037527,             0.64306,             0.63666,             0.67593,             0.43843,             0.02803,           0.0057613,            0.036995,          9.7713e-05,          9.7713e-05,          9.7713e-05
                  36,            0.033815,            0.012898,            0.036459,             0.56441,             0.72829,             0.70103,             0.45574,            0.027295,           0.0057675,            0.034549,          9.7577e-05,          9.7577e-05,          9.7577e-05
                  37,            0.033705,            0.012932,            0.035252,             0.64871,             0.64055,             0.70073,             0.44846,            0.028338,           0.0057651,            0.036105,          9.7438e-05,          9.7438e-05,          9.7438e-05
                  38,            0.033652,            0.013165,            0.034125,             0.66549,              0.5843,             0.67249,             0.43714,            0.027959,           0.0056137,            0.039326,          9.7295e-05,          9.7295e-05,          9.7295e-05
                  39,            0.033429,            0.012792,            0.032858,             0.61513,             0.74145,             0.73588,             0.49739,            0.026856,           0.0054424,            0.031512,          9.7148e-05,          9.7148e-05,          9.7148e-05
                  40,            0.032889,            0.012619,            0.032835,             0.62967,             0.70427,             0.72247,              0.4808,            0.027116,           0.0056711,            0.035868,          9.6998e-05,          9.6998e-05,          9.6998e-05
                  41,            0.033036,            0.012832,            0.031471,             0.64464,             0.74135,             0.75618,             0.50252,            0.026372,           0.0054287,            0.030632,          9.6844e-05,          9.6844e-05,          9.6844e-05
                  42,             0.03226,            0.012501,            0.029856,             0.63559,             0.70406,             0.73742,             0.49137,            0.026944,           0.0056604,            0.032114,          9.6686e-05,          9.6686e-05,          9.6686e-05
                  43,            0.032839,            0.012448,            0.030435,             0.69684,             0.73865,             0.78249,             0.53485,            0.026662,            0.005438,            0.029073,          9.6524e-05,          9.6524e-05,          9.6524e-05
                  44,            0.032161,            0.012508,            0.028501,             0.64218,             0.72955,             0.75903,             0.51821,            0.026003,           0.0054047,            0.030415,          9.6359e-05,          9.6359e-05,          9.6359e-05
                  45,            0.032003,            0.012454,            0.028934,             0.71119,             0.68325,             0.77398,              0.5221,            0.026498,           0.0053487,            0.031448,          9.6189e-05,          9.6189e-05,          9.6189e-05
                  46,            0.031862,            0.012386,            0.028068,             0.74089,             0.72589,             0.78782,             0.54839,            0.025341,           0.0052246,            0.028731,          9.6017e-05,          9.6017e-05,          9.6017e-05
                  47,            0.031573,            0.012264,            0.027071,             0.71267,             0.76592,             0.79872,             0.54663,            0.025753,           0.0052072,             0.02685,           9.584e-05,           9.584e-05,           9.584e-05
                  48,            0.031678,            0.012089,            0.026687,             0.74612,             0.69228,              0.7719,             0.52898,            0.025702,           0.0052976,            0.029822,           9.566e-05,           9.566e-05,           9.566e-05
                  49,            0.031288,            0.011816,             0.02552,             0.68615,             0.67541,             0.75057,             0.51765,            0.026929,           0.0052777,            0.032082,          9.5476e-05,          9.5476e-05,          9.5476e-05
                  50,              0.0311,            0.012077,            0.025094,             0.68522,             0.72767,             0.76957,              0.5151,            0.026418,           0.0053636,             0.03044,          9.5289e-05,          9.5289e-05,          9.5289e-05
                  51,            0.031213,            0.012127,            0.024544,             0.73667,             0.73472,             0.80604,             0.57293,            0.025129,           0.0051064,            0.027544,          9.5098e-05,          9.5098e-05,          9.5098e-05
                  52,            0.030893,            0.011832,            0.024072,             0.81059,              0.6951,              0.8104,             0.57455,            0.025132,           0.0051132,            0.027265,          9.4903e-05,          9.4903e-05,          9.4903e-05
                  53,            0.030721,            0.011711,            0.023777,             0.72241,             0.75642,             0.80101,             0.56681,            0.024647,            0.005272,            0.025979,          9.4705e-05,          9.4705e-05,          9.4705e-05
                  54,            0.030534,            0.011829,            0.023327,             0.75713,              0.7667,             0.82886,             0.58886,            0.024717,           0.0052685,            0.025068,          9.4504e-05,          9.4504e-05,          9.4504e-05
                  55,            0.030302,            0.011894,            0.022679,             0.72561,             0.76061,             0.81355,             0.56969,            0.024971,           0.0051771,            0.026314,          9.4298e-05,          9.4298e-05,          9.4298e-05
                  56,            0.029971,            0.011718,            0.021209,             0.78195,             0.74551,              0.8263,             0.57381,            0.025142,           0.0050538,            0.026583,          9.4089e-05,          9.4089e-05,          9.4089e-05
                  57,            0.030181,            0.011565,            0.022222,             0.74074,             0.77771,             0.83113,             0.59349,            0.024496,           0.0050831,            0.026458,          9.3877e-05,          9.3877e-05,          9.3877e-05
                  58,            0.029618,            0.011501,             0.02128,             0.78372,             0.72661,             0.82514,             0.59673,            0.023795,           0.0050923,            0.025788,          9.3661e-05,          9.3661e-05,          9.3661e-05
                  59,            0.029452,             0.01145,            0.020527,             0.76616,             0.75044,             0.83833,             0.59813,             0.02407,           0.0050832,             0.02396,          9.3442e-05,          9.3442e-05,          9.3442e-05
                  60,            0.029692,            0.011406,            0.020268,             0.74836,             0.79258,             0.83436,             0.59137,            0.024652,           0.0049749,            0.025297,          9.3219e-05,          9.3219e-05,          9.3219e-05
                  61,             0.02987,            0.011406,            0.020927,             0.76641,              0.7508,              0.8281,             0.58904,            0.024019,           0.0049906,            0.025405,          9.2993e-05,          9.2993e-05,          9.2993e-05
                  62,            0.028998,            0.011125,            0.019134,             0.77191,             0.73215,               0.831,             0.60603,            0.023647,           0.0049868,             0.02609,          9.2764e-05,          9.2764e-05,          9.2764e-05
                  63,             0.02878,             0.01143,            0.018598,             0.80549,             0.77587,             0.85375,             0.61415,            0.023998,           0.0049459,            0.024581,          9.2531e-05,          9.2531e-05,          9.2531e-05
                  64,            0.028275,            0.011145,            0.018134,             0.79158,             0.73308,             0.82393,             0.60653,            0.023579,           0.0050619,            0.026062,          9.2294e-05,          9.2294e-05,          9.2294e-05
                  65,            0.028483,            0.011246,            0.018955,             0.75211,             0.76052,             0.82099,             0.59567,            0.023806,           0.0048526,            0.028761,          9.2054e-05,          9.2054e-05,          9.2054e-05
                  66,            0.028636,            0.011221,            0.018782,             0.78974,             0.75251,             0.83695,             0.61428,            0.023354,           0.0048433,            0.025591,          9.1811e-05,          9.1811e-05,          9.1811e-05
                  67,            0.028491,            0.011246,            0.018366,             0.76653,             0.77031,             0.83115,             0.60238,            0.023991,           0.0049752,            0.024054,          9.1565e-05,          9.1565e-05,          9.1565e-05
                  68,            0.028142,            0.010912,            0.018278,             0.78416,             0.82336,             0.86552,              0.6342,            0.023198,           0.0048458,            0.021871,          9.1315e-05,          9.1315e-05,          9.1315e-05
                  69,            0.028628,            0.011165,            0.017872,             0.79544,             0.78402,             0.84921,             0.61515,            0.022948,           0.0048391,            0.024443,          9.1062e-05,          9.1062e-05,          9.1062e-05
                  70,            0.027937,            0.011006,            0.017544,             0.79784,             0.77344,             0.84228,             0.62487,             0.02306,           0.0048804,            0.024272,          9.0806e-05,          9.0806e-05,          9.0806e-05
                  71,            0.028457,            0.011096,            0.016886,             0.83447,             0.75701,             0.86205,             0.63513,            0.022636,           0.0047935,            0.021992,          9.0546e-05,          9.0546e-05,          9.0546e-05
                  72,            0.028278,            0.010738,            0.016503,             0.77628,             0.78759,             0.84767,              0.6247,            0.022574,           0.0048215,            0.024322,          9.0284e-05,          9.0284e-05,          9.0284e-05
                  73,            0.027747,            0.010704,            0.016319,             0.84092,             0.76703,             0.84893,             0.63027,            0.023022,           0.0048619,            0.023437,          9.0018e-05,          9.0018e-05,          9.0018e-05
                  74,            0.027792,            0.010904,            0.016158,             0.83265,             0.79917,             0.86752,             0.63501,            0.023153,           0.0047831,            0.021057,          8.9748e-05,          8.9748e-05,          8.9748e-05
                  75,            0.027562,            0.011044,            0.016305,             0.80839,             0.80849,             0.86858,              0.6469,            0.022735,           0.0046577,            0.021366,          8.9476e-05,          8.9476e-05,          8.9476e-05
                  76,            0.027777,            0.010799,             0.01637,             0.83439,             0.77694,             0.85852,             0.63934,            0.022646,           0.0047415,            0.023511,          8.9201e-05,          8.9201e-05,          8.9201e-05
                  77,             0.02734,            0.011071,             0.01642,             0.84222,             0.77337,              0.8584,             0.64437,            0.022647,           0.0046334,            0.024022,          8.8922e-05,          8.8922e-05,          8.8922e-05
                  78,            0.026784,            0.010621,            0.015724,             0.78943,             0.82215,             0.87485,             0.65501,            0.022313,           0.0046718,            0.022205,           8.864e-05,           8.864e-05,           8.864e-05
                  79,            0.027211,            0.010544,              0.0156,             0.79849,              0.7954,             0.86802,             0.64572,            0.022678,           0.0046129,            0.022479,          8.8356e-05,          8.8356e-05,          8.8356e-05
                  80,            0.027236,            0.010857,            0.015995,             0.83579,             0.78325,              0.8775,             0.65301,            0.022861,           0.0047449,             0.02059,          8.8068e-05,          8.8068e-05,          8.8068e-05
                  81,            0.027269,            0.010672,            0.015044,             0.83138,              0.8006,             0.87983,             0.65854,            0.022491,           0.0045918,            0.020054,          8.7777e-05,          8.7777e-05,          8.7777e-05
                  82,            0.026591,            0.010631,            0.015157,             0.82683,              0.8089,             0.88159,             0.66825,            0.021968,           0.0046004,            0.021841,          8.7483e-05,          8.7483e-05,          8.7483e-05
                  83,              0.0271,            0.010873,            0.015168,             0.84862,             0.78794,             0.87145,             0.65937,            0.021939,           0.0045833,            0.021675,          8.7186e-05,          8.7186e-05,          8.7186e-05
                  84,            0.026743,             0.01083,            0.014985,             0.82935,             0.79504,             0.86138,             0.65335,            0.022109,           0.0046106,            0.022739,          8.6887e-05,          8.6887e-05,          8.6887e-05
                  85,            0.026257,            0.010479,            0.014152,             0.83043,              0.8411,               0.887,             0.66648,            0.021838,           0.0045889,            0.020101,          8.6584e-05,          8.6584e-05,          8.6584e-05
                  86,            0.026489,             0.01036,            0.013576,             0.82001,              0.7994,             0.86901,             0.66197,            0.022085,           0.0045603,            0.021964,          8.6278e-05,          8.6278e-05,          8.6278e-05
                  87,            0.026836,            0.010532,            0.014606,             0.85791,             0.79363,             0.87739,             0.65904,            0.022015,           0.0046146,            0.022273,           8.597e-05,           8.597e-05,           8.597e-05
                  88,            0.026497,             0.01032,            0.014344,             0.87281,             0.79404,             0.88762,             0.67595,            0.021574,           0.0045333,             0.02037,          8.5659e-05,          8.5659e-05,          8.5659e-05
                  89,            0.026343,            0.010255,            0.014543,              0.8458,             0.82634,             0.89521,             0.67062,            0.021798,           0.0046411,            0.020256,          8.5344e-05,          8.5344e-05,          8.5344e-05
                  90,            0.026473,            0.010256,            0.014407,             0.82569,             0.80127,             0.87108,             0.65614,            0.021794,           0.0046381,            0.023127,          8.5027e-05,          8.5027e-05,          8.5027e-05
                  91,            0.026271,             0.01038,            0.014216,             0.83163,             0.79747,             0.86848,             0.66115,            0.021689,           0.0045639,             0.02415,          8.4708e-05,          8.4708e-05,          8.4708e-05
                  92,            0.025951,            0.010239,            0.013886,             0.85236,             0.78885,             0.87355,             0.66803,            0.021374,           0.0045135,            0.022851,          8.4385e-05,          8.4385e-05,          8.4385e-05
                  93,            0.025665,            0.010394,            0.013299,              0.8882,             0.77825,             0.89136,             0.67938,            0.021661,           0.0045299,            0.019767,           8.406e-05,           8.406e-05,           8.406e-05
                  94,            0.026099,            0.010059,            0.014195,             0.81231,             0.81341,             0.87744,             0.67008,            0.021153,           0.0045927,            0.021485,          8.3732e-05,          8.3732e-05,          8.3732e-05
                  95,            0.025625,             0.01036,            0.013792,             0.83531,             0.81057,             0.87896,             0.66797,            0.021254,           0.0044728,            0.021943,          8.3401e-05,          8.3401e-05,          8.3401e-05
                  96,            0.025243,            0.010201,            0.012263,              0.8467,             0.79243,             0.88024,             0.67476,            0.021411,           0.0044882,            0.021981,          8.3068e-05,          8.3068e-05,          8.3068e-05
                  97,            0.025339,            0.010382,            0.012246,             0.82234,             0.83469,             0.88688,             0.68512,            0.020616,           0.0043752,            0.021537,          8.2732e-05,          8.2732e-05,          8.2732e-05
                  98,            0.025429,            0.010143,            0.012432,               0.822,             0.83843,             0.88985,             0.68653,             0.02107,           0.0043348,            0.022708,          8.2394e-05,          8.2394e-05,          8.2394e-05
                  99,            0.025138,            0.010132,            0.012185,             0.83592,             0.84216,             0.89177,             0.68242,            0.021151,           0.0044509,            0.020997,          8.2052e-05,          8.2052e-05,          8.2052e-05
                 100,            0.025053,            0.010001,            0.012831,             0.84625,             0.82309,             0.88887,             0.68372,            0.020758,           0.0044762,            0.020885,          8.1709e-05,          8.1709e-05,          8.1709e-05
                 101,            0.025183,           0.0099704,            0.012582,              0.8477,             0.81625,             0.89536,             0.68719,            0.021111,           0.0043987,            0.021013,          8.1363e-05,          8.1363e-05,          8.1363e-05
                 102,            0.024918,            0.010306,            0.012266,             0.82071,             0.82718,             0.88604,             0.68313,            0.020826,           0.0044572,            0.022142,          8.1014e-05,          8.1014e-05,          8.1014e-05
                 103,            0.024892,           0.0098835,            0.012629,             0.86487,              0.8069,             0.89311,             0.68654,            0.021306,           0.0044305,            0.020221,          8.0663e-05,          8.0663e-05,          8.0663e-05
                 104,            0.025035,            0.010051,            0.011923,              0.8472,              0.8147,             0.88693,             0.68328,            0.020973,           0.0043849,             0.02145,           8.031e-05,           8.031e-05,           8.031e-05
                 105,             0.02486,           0.0099923,            0.011884,             0.84144,             0.81047,             0.87846,             0.67815,            0.020892,           0.0044726,            0.022368,          7.9954e-05,          7.9954e-05,          7.9954e-05
                 106,            0.025318,            0.010299,            0.012375,             0.86165,             0.83304,             0.89261,             0.68362,            0.020826,           0.0045315,             0.02079,          7.9595e-05,          7.9595e-05,          7.9595e-05
                 107,            0.025157,           0.0099824,            0.012456,             0.86942,             0.81203,             0.89659,             0.69832,            0.020536,           0.0043773,            0.020949,          7.9235e-05,          7.9235e-05,          7.9235e-05
                 108,            0.024602,           0.0098257,            0.011837,             0.84996,             0.82594,             0.89409,             0.69713,            0.020411,           0.0043997,            0.020701,          7.8872e-05,          7.8872e-05,          7.8872e-05
                 109,             0.02461,           0.0097018,            0.012065,             0.84932,             0.82337,             0.89024,             0.69016,            0.020668,           0.0044683,            0.020872,          7.8507e-05,          7.8507e-05,          7.8507e-05
                 110,            0.024606,           0.0096667,            0.011861,             0.85754,             0.82412,             0.89293,             0.69095,            0.020474,           0.0044085,            0.020636,          7.8139e-05,          7.8139e-05,          7.8139e-05
                 111,              0.0244,           0.0096342,             0.01251,             0.88264,             0.83453,             0.89697,             0.70063,            0.020692,            0.004438,            0.018745,          7.7769e-05,          7.7769e-05,          7.7769e-05
                 112,            0.024666,           0.0096566,            0.011814,             0.85504,             0.85753,             0.90499,             0.70215,            0.020363,           0.0043973,            0.018149,          7.7397e-05,          7.7397e-05,          7.7397e-05
                 113,            0.024642,           0.0095714,            0.011266,             0.88647,             0.83332,             0.90932,             0.70785,            0.020405,           0.0043428,            0.018128,          7.7023e-05,          7.7023e-05,          7.7023e-05
                 114,            0.023968,           0.0097646,            0.011448,             0.85117,             0.83367,             0.90056,             0.70017,            0.020544,            0.004457,             0.01919,          7.6647e-05,          7.6647e-05,          7.6647e-05
                 115,            0.023936,           0.0095947,             0.01113,             0.88568,             0.82503,             0.90184,             0.70436,             0.02054,            0.004448,            0.018603,          7.6269e-05,          7.6269e-05,          7.6269e-05
                 116,            0.024464,           0.0095957,            0.010932,             0.86636,             0.80501,             0.88719,             0.69543,            0.020376,           0.0043537,            0.021152,          7.5889e-05,          7.5889e-05,          7.5889e-05
                 117,            0.024117,           0.0095455,            0.010943,             0.86825,             0.80667,             0.89283,             0.69775,            0.020424,           0.0042449,            0.021845,          7.5506e-05,          7.5506e-05,          7.5506e-05
                 118,            0.024142,           0.0094399,            0.011427,             0.89669,             0.83231,             0.90794,             0.70572,            0.020474,           0.0043022,            0.017236,          7.5122e-05,          7.5122e-05,          7.5122e-05
                 119,            0.023916,           0.0093129,            0.010546,             0.86283,             0.84763,             0.90383,             0.70995,            0.019833,           0.0042731,            0.018452,          7.4735e-05,          7.4735e-05,          7.4735e-05
                 120,            0.023726,            0.009646,              0.0105,             0.87917,             0.81787,             0.90396,             0.71179,            0.019993,           0.0043369,            0.019545,          7.4347e-05,          7.4347e-05,          7.4347e-05
                 121,            0.023517,           0.0097188,            0.010086,              0.8332,             0.84456,             0.90324,             0.70267,            0.020109,           0.0043402,             0.02024,          7.3956e-05,          7.3956e-05,          7.3956e-05
                 122,             0.02389,           0.0093877,            0.010352,               0.852,             0.82106,             0.89207,             0.70305,            0.020058,           0.0043431,             0.02001,          7.3564e-05,          7.3564e-05,          7.3564e-05
                 123,            0.024034,           0.0095704,             0.01006,             0.88254,              0.7893,              0.8936,             0.69583,            0.020221,           0.0042638,            0.021121,           7.317e-05,           7.317e-05,           7.317e-05
                 124,            0.023624,           0.0096383,            0.010944,             0.84481,             0.85277,             0.90515,             0.71693,            0.019876,           0.0042098,            0.019831,          7.2774e-05,          7.2774e-05,          7.2774e-05
                 125,            0.023198,           0.0093607,            0.010079,             0.84387,             0.84348,             0.89793,             0.70397,            0.019944,           0.0042808,             0.01997,          7.2377e-05,          7.2377e-05,          7.2377e-05
                 126,            0.023337,           0.0093776,            0.010213,             0.85064,             0.83892,             0.90077,             0.70834,            0.020203,           0.0043216,            0.019682,          7.1977e-05,          7.1977e-05,          7.1977e-05
                 127,            0.023696,           0.0095194,            0.010531,             0.86013,             0.82197,             0.90537,             0.71422,            0.019978,           0.0042746,            0.019114,          7.1576e-05,          7.1576e-05,          7.1576e-05
                 128,            0.023405,           0.0093736,            0.010102,             0.85892,             0.84975,             0.90679,             0.70921,            0.020187,           0.0043278,            0.018776,          7.1173e-05,          7.1173e-05,          7.1173e-05
                 129,            0.023522,           0.0092808,             0.01056,             0.85715,              0.8584,             0.91283,             0.72138,            0.020004,           0.0042423,            0.019207,          7.0769e-05,          7.0769e-05,          7.0769e-05
                 130,            0.022852,           0.0094113,            0.010323,             0.88697,             0.82966,             0.90569,             0.71411,            0.019808,           0.0042412,            0.019632,          7.0363e-05,          7.0363e-05,          7.0363e-05
                 131,            0.023001,           0.0094034,            0.010674,             0.84222,             0.84263,             0.88901,             0.70126,            0.019831,           0.0043065,             0.02005,          6.9955e-05,          6.9955e-05,          6.9955e-05
                 132,            0.023117,           0.0093162,            0.010414,             0.88278,             0.83738,             0.90082,              0.7083,            0.019935,           0.0042849,            0.020385,          6.9545e-05,          6.9545e-05,          6.9545e-05
                 133,            0.022985,            0.009128,              0.0102,             0.83761,             0.85192,             0.90667,             0.71225,            0.019877,           0.0044051,            0.019616,          6.9135e-05,          6.9135e-05,          6.9135e-05
                 134,            0.022781,            0.009227,            0.010157,             0.85056,             0.84108,             0.90497,             0.71121,             0.01996,           0.0043072,            0.019057,          6.8722e-05,          6.8722e-05,          6.8722e-05
                 135,            0.022759,           0.0093513,           0.0097403,             0.86783,              0.8525,             0.90935,             0.71932,            0.019698,              0.0043,            0.019165,          6.8308e-05,          6.8308e-05,          6.8308e-05
                 136,            0.023216,           0.0092238,            0.010396,             0.88163,             0.83332,             0.91093,             0.71816,            0.019848,           0.0042404,            0.017803,          6.7893e-05,          6.7893e-05,          6.7893e-05
                 137,            0.023059,           0.0091264,           0.0096827,              0.8863,             0.82902,             0.91466,             0.71805,            0.019768,           0.0042932,            0.017946,          6.7476e-05,          6.7476e-05,          6.7476e-05
                 138,            0.022755,           0.0091369,           0.0093762,             0.88656,              0.8231,              0.9054,             0.71491,            0.019766,            0.004285,            0.018548,          6.7058e-05,          6.7058e-05,          6.7058e-05
                 139,            0.022728,           0.0091802,           0.0095772,             0.88142,              0.8527,             0.91789,             0.72412,            0.019604,           0.0042189,            0.017684,          6.6639e-05,          6.6639e-05,          6.6639e-05
                 140,             0.02236,           0.0091075,           0.0091267,             0.88234,             0.83708,             0.91258,             0.72366,            0.019477,           0.0042459,            0.018549,          6.6218e-05,          6.6218e-05,          6.6218e-05
                 141,            0.022102,           0.0089586,           0.0090751,             0.87156,             0.85064,             0.91095,             0.72002,            0.019626,           0.0042685,            0.019328,          6.5796e-05,          6.5796e-05,          6.5796e-05
                 142,            0.022461,           0.0090631,           0.0094431,             0.88853,             0.81451,             0.91331,             0.72557,            0.019473,            0.004248,            0.019901,          6.5373e-05,          6.5373e-05,          6.5373e-05
                 143,            0.022137,           0.0090483,           0.0092405,             0.88906,             0.84593,             0.91583,               0.728,            0.019594,           0.0043084,            0.017946,          6.4949e-05,          6.4949e-05,          6.4949e-05
                 144,            0.022169,            0.009154,           0.0091563,              0.8505,             0.86569,             0.91572,             0.72772,            0.019449,           0.0042726,            0.018774,          6.4523e-05,          6.4523e-05,          6.4523e-05
                 145,            0.022215,           0.0089011,           0.0089831,             0.87084,             0.85949,             0.91142,             0.72648,             0.01927,           0.0042037,            0.018269,          6.4097e-05,          6.4097e-05,          6.4097e-05
                 146,            0.022152,           0.0088607,           0.0092913,             0.90532,             0.83959,             0.92007,             0.72864,            0.019297,           0.0042573,            0.017334,          6.3669e-05,          6.3669e-05,          6.3669e-05
                 147,            0.021977,            0.008982,            0.008811,             0.89294,             0.85529,             0.91771,             0.72727,            0.019397,           0.0042918,            0.019006,           6.324e-05,           6.324e-05,           6.324e-05
                 148,            0.022021,           0.0090211,           0.0086499,             0.90391,             0.81919,             0.91748,             0.73044,            0.019281,           0.0042481,            0.018233,           6.281e-05,           6.281e-05,           6.281e-05
                 149,            0.021797,           0.0089418,           0.0080424,             0.89098,             0.83793,             0.91537,             0.72938,            0.019244,           0.0042732,            0.018072,          6.2379e-05,          6.2379e-05,          6.2379e-05
                 150,            0.021971,           0.0088352,           0.0083058,             0.88459,             0.85694,             0.91287,             0.73078,            0.019041,            0.004219,            0.018364,          6.1948e-05,          6.1948e-05,          6.1948e-05
                 151,            0.021794,           0.0088711,           0.0084802,             0.86362,             0.84966,             0.91135,             0.72602,            0.019114,           0.0042435,            0.018704,          6.1515e-05,          6.1515e-05,          6.1515e-05
                 152,            0.022285,           0.0087345,           0.0085691,              0.8664,             0.83775,             0.90571,             0.72782,            0.019209,           0.0042057,            0.019732,          6.1081e-05,          6.1081e-05,          6.1081e-05
                 153,            0.021886,           0.0088953,           0.0085758,             0.87762,             0.85021,             0.91235,             0.72971,            0.019177,           0.0041869,             0.01815,          6.0647e-05,          6.0647e-05,          6.0647e-05
                 154,            0.021661,           0.0087641,           0.0086878,              0.8574,             0.84683,             0.90883,             0.72624,            0.019314,           0.0041913,             0.01934,          6.0211e-05,          6.0211e-05,          6.0211e-05
                 155,             0.02148,           0.0087949,           0.0085886,             0.87181,             0.83341,             0.90712,             0.72387,            0.019269,           0.0042141,            0.019218,          5.9775e-05,          5.9775e-05,          5.9775e-05
                 156,             0.02156,           0.0089015,           0.0084888,             0.87122,             0.85984,             0.91103,             0.73274,            0.019189,           0.0042009,            0.017941,          5.9339e-05,          5.9339e-05,          5.9339e-05
                 157,            0.021559,           0.0088753,           0.0082893,              0.8612,             0.87265,             0.91105,             0.72745,            0.019419,           0.0042501,            0.019165,          5.8901e-05,          5.8901e-05,          5.8901e-05
                 158,            0.021859,           0.0088205,           0.0089956,              0.8477,              0.8609,             0.91272,             0.72975,            0.019309,           0.0042025,            0.019163,          5.8463e-05,          5.8463e-05,          5.8463e-05
                 159,            0.021284,           0.0085467,           0.0078601,             0.85682,             0.84922,             0.90678,             0.72697,            0.019455,           0.0042399,            0.019873,          5.8024e-05,          5.8024e-05,          5.8024e-05
                 160,            0.021559,           0.0087093,           0.0088272,             0.88026,              0.8532,             0.91573,             0.73345,            0.019169,           0.0041774,            0.018894,          5.7585e-05,          5.7585e-05,          5.7585e-05
                 161,            0.021601,           0.0088715,           0.0079688,             0.88515,             0.83402,             0.91632,              0.7377,            0.019039,           0.0041053,            0.018715,          5.7145e-05,          5.7145e-05,          5.7145e-05
                 162,            0.021217,           0.0086638,            0.007584,             0.87138,             0.86427,             0.91497,             0.73301,            0.018874,            0.004171,             0.01853,          5.6704e-05,          5.6704e-05,          5.6704e-05
                 163,            0.021308,           0.0086876,           0.0077523,             0.86162,              0.8592,             0.91578,             0.73348,            0.019035,           0.0041853,            0.018437,          5.6263e-05,          5.6263e-05,          5.6263e-05
                 164,             0.02121,           0.0086626,           0.0076787,             0.87438,             0.86078,             0.91516,             0.73353,            0.019076,           0.0041674,            0.018232,          5.5821e-05,          5.5821e-05,          5.5821e-05
                 165,            0.021244,           0.0087121,           0.0083489,             0.86619,             0.87681,             0.91719,             0.73432,            0.018981,           0.0041588,            0.017961,          5.5379e-05,          5.5379e-05,          5.5379e-05
                 166,             0.02137,           0.0086421,           0.0082878,             0.88325,              0.8542,             0.91734,             0.73708,            0.018913,           0.0041567,            0.018337,          5.4937e-05,          5.4937e-05,          5.4937e-05
                 167,            0.021092,           0.0087155,           0.0079152,             0.88507,             0.84608,             0.91662,             0.73776,            0.018739,            0.004159,             0.01872,          5.4494e-05,          5.4494e-05,          5.4494e-05
                 168,            0.020951,           0.0083779,           0.0073047,             0.86984,             0.86588,             0.91417,             0.73603,            0.018713,           0.0041299,            0.018887,          5.4051e-05,          5.4051e-05,          5.4051e-05
                 169,            0.021288,           0.0085027,           0.0082317,             0.89145,             0.84008,             0.91305,             0.73531,             0.01873,           0.0041446,            0.018931,          5.3608e-05,          5.3608e-05,          5.3608e-05
                 170,             0.02068,           0.0083834,           0.0075894,              0.8778,             0.85002,             0.91306,             0.73521,            0.018781,           0.0041531,            0.019676,          5.3165e-05,          5.3165e-05,          5.3165e-05
                 171,            0.021092,           0.0084497,           0.0082324,             0.87477,             0.85884,              0.9185,             0.74082,            0.018867,           0.0041294,            0.019267,          5.2721e-05,          5.2721e-05,          5.2721e-05
                 172,            0.021368,           0.0086449,           0.0074352,             0.85962,             0.86973,             0.91295,             0.73447,            0.018749,           0.0041498,             0.01887,          5.2277e-05,          5.2277e-05,          5.2277e-05
                 173,            0.020825,           0.0086062,            0.007335,             0.88028,              0.8639,             0.91261,             0.73952,            0.018744,           0.0041033,            0.018465,          5.1833e-05,          5.1833e-05,          5.1833e-05
                 174,            0.020576,           0.0085722,            0.007173,             0.87794,             0.85298,             0.90964,             0.73513,            0.018785,           0.0041334,            0.018317,          5.1389e-05,          5.1389e-05,          5.1389e-05
                 175,            0.020382,           0.0083527,           0.0065513,             0.88376,             0.83338,             0.90964,             0.73454,            0.018769,           0.0041634,            0.018689,          5.0944e-05,          5.0944e-05,          5.0944e-05
                 176,            0.020754,           0.0084558,           0.0071757,             0.84418,             0.86315,             0.90808,             0.73495,            0.018723,           0.0041776,            0.018696,            5.05e-05,            5.05e-05,            5.05e-05
                 177,            0.020792,           0.0085329,           0.0074723,              0.8805,             0.85322,                0.91,             0.73705,            0.018763,           0.0041583,            0.019247,          5.0056e-05,          5.0056e-05,          5.0056e-05
                 178,            0.020658,           0.0083092,           0.0074431,             0.89741,              0.8407,             0.91129,             0.73552,            0.018755,           0.0041867,            0.019051,          4.9611e-05,          4.9611e-05,          4.9611e-05
                 179,            0.020233,           0.0083242,           0.0070203,             0.88119,              0.8479,             0.91622,             0.73856,            0.018661,           0.0041464,             0.01884,          4.9167e-05,          4.9167e-05,          4.9167e-05
                 180,             0.02082,           0.0083967,           0.0071497,             0.87533,             0.87522,             0.91923,             0.74167,            0.018693,           0.0041261,            0.018496,          4.8723e-05,          4.8723e-05,          4.8723e-05
                 181,            0.020365,            0.008285,           0.0068044,             0.86952,             0.85066,             0.91374,             0.73709,            0.018727,           0.0041659,            0.018993,          4.8279e-05,          4.8279e-05,          4.8279e-05
                 182,            0.020384,           0.0082641,           0.0069145,             0.90223,             0.82024,             0.91502,             0.74131,              0.0186,           0.0041394,            0.019286,          4.7835e-05,          4.7835e-05,          4.7835e-05
                 183,            0.020274,           0.0082479,           0.0069422,             0.87456,             0.87084,             0.91744,             0.74333,            0.018689,            0.004138,            0.018569,          4.7392e-05,          4.7392e-05,          4.7392e-05
                 184,            0.020027,           0.0083415,           0.0066853,             0.87555,              0.8573,             0.91555,             0.74113,            0.018518,           0.0041496,              0.0188,          4.6949e-05,          4.6949e-05,          4.6949e-05
                 185,            0.020289,           0.0083134,           0.0076393,             0.88188,             0.85818,              0.9155,             0.74168,            0.018595,           0.0041525,            0.018792,          4.6506e-05,          4.6506e-05,          4.6506e-05
                 186,            0.020172,           0.0082902,           0.0068514,             0.88704,             0.85725,             0.91615,             0.74182,            0.018645,           0.0041624,            0.018512,          4.6063e-05,          4.6063e-05,          4.6063e-05
                 187,            0.019827,           0.0083513,            0.005871,             0.90571,             0.84906,             0.91912,             0.74633,            0.018679,           0.0041536,            0.017682,          4.5621e-05,          4.5621e-05,          4.5621e-05
                 188,            0.019918,           0.0081667,           0.0071551,             0.88955,             0.85822,             0.91932,             0.74892,            0.018545,           0.0041305,             0.01766,          4.5179e-05,          4.5179e-05,          4.5179e-05
                 189,             0.02013,           0.0082951,           0.0073774,              0.8865,             0.86008,             0.92029,             0.75008,            0.018429,           0.0041528,            0.017572,          4.4737e-05,          4.4737e-05,          4.4737e-05
                 190,            0.020324,           0.0081005,           0.0071615,             0.88217,             0.85717,             0.91922,             0.74797,            0.018321,           0.0041238,            0.018213,          4.4296e-05,          4.4296e-05,          4.4296e-05
                 191,            0.019849,           0.0082086,           0.0069218,              0.8861,             0.85733,             0.91838,             0.74589,            0.018254,           0.0041505,            0.018186,          4.3855e-05,          4.3855e-05,          4.3855e-05
                 192,            0.020096,           0.0080903,           0.0067752,             0.88625,             0.86842,             0.92055,              0.7459,             0.01825,           0.0041639,            0.017828,          4.3415e-05,          4.3415e-05,          4.3415e-05
                 193,            0.019353,           0.0081146,            0.006249,             0.89019,             0.86814,             0.92419,             0.74783,            0.018337,           0.0041843,            0.017583,          4.2976e-05,          4.2976e-05,          4.2976e-05
                 194,            0.019983,           0.0082668,           0.0070951,             0.87911,             0.86321,             0.91759,              0.7444,            0.018311,           0.0041353,            0.018584,          4.2537e-05,          4.2537e-05,          4.2537e-05
                 195,            0.020042,           0.0082239,           0.0065676,             0.87673,             0.86196,             0.91528,             0.74338,            0.018371,           0.0041163,            0.018039,          4.2099e-05,          4.2099e-05,          4.2099e-05
                 196,            0.019326,           0.0081775,           0.0058943,             0.91078,             0.84557,             0.91932,               0.746,            0.018506,           0.0041422,            0.017666,          4.1661e-05,          4.1661e-05,          4.1661e-05
                 197,            0.019629,           0.0081317,           0.0063659,             0.89821,              0.8418,             0.91924,             0.74728,            0.018416,           0.0041253,             0.01867,          4.1225e-05,          4.1225e-05,          4.1225e-05
                 198,            0.019532,           0.0082127,           0.0063847,             0.89497,             0.84462,             0.91903,             0.74812,            0.018395,            0.004123,            0.019065,          4.0789e-05,          4.0789e-05,          4.0789e-05
                 199,            0.019356,           0.0080806,           0.0063895,             0.86981,             0.85895,             0.91756,             0.74809,              0.0184,             0.00411,            0.018907,          4.0353e-05,          4.0353e-05,          4.0353e-05
                 200,            0.019242,           0.0077688,           0.0062897,              0.8806,             0.85631,             0.91912,             0.74515,            0.018358,           0.0041045,            0.018841,          3.9919e-05,          3.9919e-05,          3.9919e-05
                 201,            0.019859,           0.0080984,           0.0066248,             0.89526,              0.8435,             0.91785,             0.74486,            0.018348,           0.0040964,            0.018997,          3.9485e-05,          3.9485e-05,          3.9485e-05
                 202,            0.019329,           0.0079977,           0.0057125,             0.87741,             0.86731,             0.91782,             0.74248,            0.018315,            0.004114,            0.018896,          3.9052e-05,          3.9052e-05,          3.9052e-05
                 203,            0.019343,           0.0080087,           0.0058138,             0.90138,             0.85786,             0.91964,             0.74588,            0.018339,           0.0040902,            0.018699,          3.8621e-05,          3.8621e-05,          3.8621e-05
                 204,            0.019706,           0.0079845,           0.0058706,             0.88372,             0.88155,             0.92208,             0.74881,            0.018376,           0.0040768,            0.018598,           3.819e-05,           3.819e-05,           3.819e-05
                 205,             0.01927,           0.0077427,           0.0058789,             0.90702,             0.85678,             0.92243,             0.75109,            0.018442,           0.0041225,             0.01852,           3.776e-05,           3.776e-05,           3.776e-05
                 206,            0.018987,           0.0078757,            0.005698,             0.89777,             0.86766,             0.92109,             0.74959,            0.018383,           0.0041311,            0.018263,          3.7331e-05,          3.7331e-05,          3.7331e-05
                 207,            0.019022,           0.0080322,           0.0061084,             0.89514,             0.87153,             0.92281,             0.74761,             0.01842,           0.0041323,            0.018492,          3.6903e-05,          3.6903e-05,          3.6903e-05
                 208,             0.01892,           0.0077722,           0.0056034,             0.88043,             0.88031,             0.92304,             0.74857,            0.018411,           0.0041322,             0.01868,          3.6477e-05,          3.6477e-05,          3.6477e-05
                 209,            0.019276,           0.0079389,           0.0059658,             0.88409,             0.87853,             0.92292,             0.75014,            0.018442,           0.0041549,            0.018699,          3.6051e-05,          3.6051e-05,          3.6051e-05
                 210,            0.019372,            0.007802,            0.005834,             0.90212,             0.86514,              0.9234,             0.75249,             0.01834,           0.0041401,            0.019105,          3.5627e-05,          3.5627e-05,          3.5627e-05
                 211,            0.018951,           0.0078733,           0.0058046,             0.89406,             0.86914,             0.92318,               0.752,            0.018297,           0.0041347,            0.019012,          3.5204e-05,          3.5204e-05,          3.5204e-05
                 212,            0.018755,           0.0080574,           0.0051207,             0.89972,             0.85563,              0.9228,             0.75172,            0.018301,           0.0041328,            0.019047,          3.4782e-05,          3.4782e-05,          3.4782e-05
                 213,            0.018915,             0.00763,           0.0056462,             0.89718,             0.86478,             0.92159,             0.74817,            0.018277,           0.0041297,            0.018921,          3.4361e-05,          3.4361e-05,          3.4361e-05
                 214,            0.019218,           0.0079158,           0.0061268,             0.89615,             0.87107,             0.92456,             0.75128,            0.018245,           0.0041347,            0.018882,          3.3942e-05,          3.3942e-05,          3.3942e-05
                 215,            0.019165,           0.0079043,           0.0054155,             0.89475,             0.86824,             0.92746,             0.75299,            0.018182,           0.0041153,             0.01853,          3.3524e-05,          3.3524e-05,          3.3524e-05
                 216,            0.018981,           0.0078824,           0.0054865,              0.8785,             0.89123,             0.92686,             0.75375,             0.01812,           0.0041072,            0.018932,          3.3107e-05,          3.3107e-05,          3.3107e-05
                 217,            0.018824,            0.007905,           0.0055284,             0.88788,             0.87111,             0.92589,             0.75377,            0.018097,           0.0041127,            0.019071,          3.2692e-05,          3.2692e-05,          3.2692e-05
                 218,            0.018672,           0.0076643,           0.0053899,             0.87659,             0.88941,             0.92512,             0.75422,            0.018121,           0.0041315,            0.018611,          3.2278e-05,          3.2278e-05,          3.2278e-05
                 219,             0.01845,           0.0076128,           0.0053585,             0.89015,             0.87716,             0.92773,             0.75856,            0.018153,           0.0041232,            0.018055,          3.1865e-05,          3.1865e-05,          3.1865e-05
                 220,            0.018777,           0.0076933,           0.0051188,             0.89096,             0.87389,              0.9257,             0.75652,            0.018132,           0.0041272,            0.018174,          3.1455e-05,          3.1455e-05,          3.1455e-05
                 221,            0.018614,            0.007606,           0.0055543,             0.91031,             0.85389,             0.92639,             0.75308,            0.018161,           0.0041421,            0.017913,          3.1045e-05,          3.1045e-05,          3.1045e-05
                 222,             0.01848,           0.0076886,           0.0052611,              0.9108,             0.86016,             0.92722,             0.75629,            0.018135,            0.004157,            0.017599,          3.0637e-05,          3.0637e-05,          3.0637e-05
                 223,            0.018781,           0.0078221,           0.0057354,             0.88998,             0.87556,             0.92398,              0.7538,            0.018178,           0.0041595,            0.017664,          3.0231e-05,          3.0231e-05,          3.0231e-05
                 224,            0.018422,           0.0075744,           0.0050783,             0.88457,               0.872,             0.92066,             0.75028,             0.01817,           0.0041619,            0.018272,          2.9827e-05,          2.9827e-05,          2.9827e-05
                 225,            0.018689,           0.0073892,           0.0053193,             0.88064,              0.8787,             0.92263,             0.75477,             0.01817,           0.0041524,              0.0183,          2.9424e-05,          2.9424e-05,          2.9424e-05
                 226,            0.018334,           0.0076087,           0.0053249,             0.89189,             0.86293,              0.9229,             0.75486,             0.01812,           0.0041438,            0.017909,          2.9023e-05,          2.9023e-05,          2.9023e-05
                 227,            0.018457,           0.0076841,           0.0051781,             0.89147,             0.86296,             0.92136,             0.75178,            0.018091,           0.0041433,            0.018087,          2.8623e-05,          2.8623e-05,          2.8623e-05
                 228,            0.018353,             0.00739,           0.0057137,             0.90127,             0.85587,             0.92281,             0.75454,            0.018135,           0.0041596,            0.018046,          2.8226e-05,          2.8226e-05,          2.8226e-05
                 229,            0.018129,             0.00759,           0.0048765,             0.89972,             0.85462,             0.92321,             0.75151,             0.01817,           0.0041828,            0.018021,           2.783e-05,           2.783e-05,           2.783e-05
                 230,            0.018375,           0.0075946,           0.0056089,             0.88434,             0.86899,             0.92526,             0.75518,            0.018141,           0.0041887,            0.017619,          2.7436e-05,          2.7436e-05,          2.7436e-05
                 231,            0.018391,           0.0076438,           0.0052506,             0.89453,             0.86511,              0.9262,              0.7542,            0.018145,           0.0041795,            0.017504,          2.7044e-05,          2.7044e-05,          2.7044e-05
                 232,            0.018421,           0.0074858,           0.0051555,             0.90005,             0.86279,             0.92685,             0.75576,            0.018146,           0.0041796,            0.017591,          2.6653e-05,          2.6653e-05,          2.6653e-05
                 233,            0.018138,           0.0074321,           0.0051269,             0.89402,             0.86843,             0.92645,             0.75713,            0.018183,           0.0041963,            0.017895,          2.6265e-05,          2.6265e-05,          2.6265e-05
                 234,            0.018551,           0.0075966,           0.0053256,              0.9075,             0.85216,              0.9249,             0.75506,             0.01821,           0.0042231,            0.018158,          2.5878e-05,          2.5878e-05,          2.5878e-05
                 235,            0.018074,           0.0074518,           0.0048461,             0.90553,             0.85378,             0.92536,             0.75527,            0.018212,           0.0042226,            0.017993,          2.5494e-05,          2.5494e-05,          2.5494e-05
                 236,            0.018267,           0.0074762,           0.0054182,             0.88749,             0.87274,              0.9238,              0.7554,            0.018213,           0.0042144,            0.018069,          2.5111e-05,          2.5111e-05,          2.5111e-05
                 237,            0.017922,           0.0073831,           0.0047159,             0.89253,             0.87629,             0.92282,             0.75392,            0.018238,           0.0042095,            0.018072,          2.4731e-05,          2.4731e-05,          2.4731e-05
                 238,            0.018072,           0.0075671,             0.00466,             0.88896,             0.87456,             0.92223,             0.75429,            0.018216,           0.0042057,            0.018157,          2.4353e-05,          2.4353e-05,          2.4353e-05
                 239,            0.017815,           0.0075323,           0.0047929,             0.88878,             0.87131,             0.92099,             0.75462,            0.018219,           0.0042033,            0.018479,          2.3977e-05,          2.3977e-05,          2.3977e-05
                 240,            0.017826,           0.0073376,           0.0044831,             0.88193,             0.87247,             0.92019,             0.75319,            0.018242,           0.0042041,            0.018548,          2.3603e-05,          2.3603e-05,          2.3603e-05
                 241,             0.01764,           0.0072744,           0.0044627,             0.88487,             0.87335,             0.91839,             0.75198,             0.01824,           0.0042138,            0.018573,          2.3231e-05,          2.3231e-05,          2.3231e-05
                 242,            0.017692,           0.0075587,           0.0043345,              0.8842,             0.86255,             0.91812,             0.75248,            0.018212,           0.0042232,             0.01867,          2.2861e-05,          2.2861e-05,          2.2861e-05
                 243,             0.01797,           0.0073203,           0.0046837,             0.88662,             0.86473,             0.91885,             0.75371,            0.018156,           0.0042245,            0.018583,          2.2493e-05,          2.2493e-05,          2.2493e-05
                 244,            0.017792,           0.0074117,           0.0043504,             0.89392,             0.86909,             0.92098,              0.7542,            0.018152,           0.0042286,            0.018568,          2.2128e-05,          2.2128e-05,          2.2128e-05
                 245,            0.017815,           0.0073605,           0.0049542,             0.89468,             0.87166,             0.92149,             0.75486,            0.018138,           0.0042227,            0.018643,          2.1765e-05,          2.1765e-05,          2.1765e-05
                 246,             0.01787,           0.0072781,           0.0042878,             0.89288,             0.86788,             0.92254,             0.75592,             0.01817,           0.0042214,            0.018628,          2.1405e-05,          2.1405e-05,          2.1405e-05
                 247,            0.017636,           0.0074301,           0.0048512,             0.90922,              0.8517,             0.92325,              0.7549,            0.018197,           0.0042137,            0.018582,          2.1046e-05,          2.1046e-05,          2.1046e-05
                 248,            0.017661,           0.0074891,           0.0040896,              0.8757,             0.88305,             0.92309,             0.75283,            0.018236,           0.0042175,            0.018497,           2.069e-05,           2.069e-05,           2.069e-05
                 249,            0.017465,           0.0073145,           0.0044726,             0.89987,             0.85913,             0.92253,             0.75123,            0.018258,           0.0042235,            0.018419,          2.0337e-05,          2.0337e-05,          2.0337e-05
                 250,            0.017651,           0.0072223,           0.0045038,             0.90643,             0.85582,              0.9217,             0.75271,            0.018224,            0.004233,            0.018514,          1.9986e-05,          1.9986e-05,          1.9986e-05
                 251,            0.017283,           0.0074043,            0.004231,              0.9088,             0.85029,             0.92012,             0.75195,            0.018181,           0.0042236,            0.018635,          1.9637e-05,          1.9637e-05,          1.9637e-05
                 252,            0.017349,            0.007247,           0.0044318,             0.90847,             0.84676,             0.91981,             0.75285,            0.018161,           0.0042305,            0.018613,          1.9291e-05,          1.9291e-05,          1.9291e-05
                 253,            0.017478,           0.0072988,           0.0042989,             0.90008,             0.85443,             0.92022,             0.75297,            0.018128,           0.0042321,            0.018722,          1.8948e-05,          1.8948e-05,          1.8948e-05
                 254,            0.017623,           0.0071165,           0.0044359,             0.89507,             0.85999,             0.91997,             0.75371,              0.0181,           0.0042266,            0.018824,          1.8606e-05,          1.8606e-05,          1.8606e-05
                 255,             0.01731,           0.0072565,           0.0040649,             0.89442,             0.85996,             0.92137,             0.75611,             0.01809,            0.004228,            0.018666,          1.8268e-05,          1.8268e-05,          1.8268e-05
                 256,            0.017353,           0.0073479,           0.0042014,             0.88481,             0.86291,             0.92074,             0.75458,            0.018105,           0.0042278,            0.018621,          1.7932e-05,          1.7932e-05,          1.7932e-05
                 257,            0.017062,           0.0071967,           0.0040752,             0.89161,             0.85794,             0.92036,             0.75455,            0.018121,           0.0042238,            0.018528,          1.7599e-05,          1.7599e-05,          1.7599e-05
                 258,            0.017262,           0.0071743,           0.0041338,             0.87723,             0.87938,             0.92077,             0.75681,            0.018103,           0.0042187,            0.018603,          1.7268e-05,          1.7268e-05,          1.7268e-05
                 259,            0.017151,           0.0073605,           0.0041637,             0.88026,             0.87752,             0.92065,             0.75718,            0.018068,           0.0042131,            0.018539,           1.694e-05,           1.694e-05,           1.694e-05
                 260,            0.017552,           0.0074173,           0.0050954,             0.87825,              0.8771,             0.92038,             0.75707,            0.018059,           0.0042173,            0.018522,          1.6615e-05,          1.6615e-05,          1.6615e-05
                 261,            0.017296,           0.0072343,           0.0050836,             0.87884,             0.87535,             0.91993,             0.75659,            0.018072,           0.0042269,            0.018713,          1.6292e-05,          1.6292e-05,          1.6292e-05
                 262,            0.017394,           0.0073068,           0.0042683,              0.8885,             0.86496,             0.91924,             0.75749,            0.018051,           0.0042334,             0.01897,          1.5973e-05,          1.5973e-05,          1.5973e-05
                 263,            0.017113,           0.0072256,           0.0043487,              0.8841,             0.87081,             0.91947,             0.75641,            0.018047,           0.0042305,            0.019102,          1.5656e-05,          1.5656e-05,          1.5656e-05
                 264,            0.017016,           0.0071373,           0.0039446,             0.88964,             0.86536,             0.91958,             0.75646,            0.018039,           0.0042279,            0.019205,          1.5341e-05,          1.5341e-05,          1.5341e-05
                 265,            0.017124,           0.0070477,           0.0041335,             0.88638,             0.86862,             0.91884,             0.75556,            0.018028,           0.0042215,            0.019233,           1.503e-05,           1.503e-05,           1.503e-05
                 266,            0.017096,           0.0071259,           0.0042545,             0.89656,             0.85615,             0.91875,             0.75554,            0.018027,           0.0042178,            0.019205,          1.4722e-05,          1.4722e-05,          1.4722e-05
                 267,            0.016924,           0.0070269,           0.0039189,             0.88664,             0.86645,             0.91921,             0.75554,            0.018037,           0.0042208,            0.019212,          1.4416e-05,          1.4416e-05,          1.4416e-05
                 268,            0.016887,           0.0069224,           0.0040903,             0.89017,             0.86343,             0.91813,             0.75554,            0.018019,           0.0042177,            0.019241,          1.4113e-05,          1.4113e-05,          1.4113e-05
                 269,            0.017159,           0.0072845,           0.0036563,             0.89452,              0.8655,             0.91879,             0.75579,            0.018015,           0.0042222,            0.019225,          1.3814e-05,          1.3814e-05,          1.3814e-05
                 270,            0.017199,           0.0070109,           0.0036457,             0.89644,             0.86165,             0.91966,             0.75766,            0.018015,           0.0042284,            0.019114,          1.3517e-05,          1.3517e-05,          1.3517e-05
                 271,            0.016996,           0.0070247,           0.0038633,             0.89915,             0.85935,              0.9194,               0.756,            0.018032,           0.0042341,            0.019153,          1.3223e-05,          1.3223e-05,          1.3223e-05
                 272,            0.016872,             0.00703,           0.0039071,             0.88962,              0.8663,             0.91936,             0.75621,            0.018057,           0.0042426,            0.019089,          1.2932e-05,          1.2932e-05,          1.2932e-05
                 273,            0.016891,           0.0069204,           0.0041672,             0.91277,             0.84629,              0.9196,             0.75661,            0.018056,           0.0042458,            0.018936,          1.2644e-05,          1.2644e-05,          1.2644e-05
                 274,             0.01675,           0.0070987,           0.0037235,              0.9084,             0.85081,             0.92021,             0.75679,            0.018049,             0.00425,            0.018769,           1.236e-05,           1.236e-05,           1.236e-05
                 275,            0.016974,           0.0068922,           0.0036053,             0.88075,             0.87667,             0.91948,             0.75561,            0.018039,           0.0042616,            0.018819,          1.2078e-05,          1.2078e-05,          1.2078e-05
                 276,            0.016934,           0.0072901,            0.003572,              0.8913,              0.8698,             0.91899,             0.75556,            0.018043,           0.0042641,             0.01894,          1.1799e-05,          1.1799e-05,          1.1799e-05
                 277,            0.016683,           0.0070675,           0.0033566,             0.88885,             0.87029,             0.91923,             0.75611,            0.018041,           0.0042665,            0.018931,          1.1524e-05,          1.1524e-05,          1.1524e-05
                 278,            0.016988,           0.0069242,           0.0041005,              0.8829,             0.87278,             0.91965,             0.75588,            0.018028,           0.0042627,            0.018919,          1.1252e-05,          1.1252e-05,          1.1252e-05
                 279,            0.016847,           0.0071643,           0.0038631,             0.87844,             0.87179,              0.9197,             0.75539,            0.018019,           0.0042636,            0.019052,          1.0982e-05,          1.0982e-05,          1.0982e-05
                 280,            0.016971,           0.0071828,           0.0036152,               0.893,             0.85869,             0.91941,             0.75528,            0.018021,           0.0042667,            0.019105,          1.0716e-05,          1.0716e-05,          1.0716e-05
                 281,            0.016832,           0.0069815,           0.0038081,             0.89027,             0.85745,             0.91904,             0.75421,            0.018012,           0.0042675,            0.019208,          1.0454e-05,          1.0454e-05,          1.0454e-05
                 282,             0.01706,            0.006891,           0.0039054,             0.89864,             0.85453,             0.91997,             0.75579,            0.017994,           0.0042733,            0.019166,          1.0194e-05,          1.0194e-05,          1.0194e-05
                 283,            0.016504,           0.0069397,           0.0037065,              0.9019,             0.85548,             0.91976,             0.75563,            0.017985,           0.0042778,            0.019228,          9.9378e-06,          9.9378e-06,          9.9378e-06
                 284,            0.016604,           0.0068742,           0.0035887,             0.90277,             0.85557,             0.91992,             0.75661,            0.017979,           0.0042785,            0.019318,          9.6848e-06,          9.6848e-06,          9.6848e-06
                 285,            0.016287,            0.006983,           0.0036273,             0.90625,              0.8522,              0.9196,             0.75651,            0.017972,           0.0042777,            0.019295,          9.4351e-06,          9.4351e-06,          9.4351e-06
                 286,            0.016489,           0.0069802,           0.0035308,             0.90683,             0.84905,             0.91966,             0.75705,            0.017972,           0.0042837,            0.019298,          9.1886e-06,          9.1886e-06,          9.1886e-06
                 287,            0.016448,           0.0069038,           0.0037643,             0.90855,             0.85024,             0.91969,             0.75677,            0.017962,           0.0042869,            0.019187,          8.9455e-06,          8.9455e-06,          8.9455e-06
                 288,            0.016868,           0.0070221,           0.0036434,             0.90724,             0.85048,             0.91961,             0.75617,            0.017966,           0.0042891,            0.019147,          8.7058e-06,          8.7058e-06,          8.7058e-06
                 289,            0.016663,           0.0069914,           0.0037934,             0.89604,             0.86036,             0.91903,             0.75548,            0.017967,           0.0042906,             0.01913,          8.4694e-06,          8.4694e-06,          8.4694e-06
                 290,            0.016056,           0.0067674,             0.00367,             0.89514,             0.86208,             0.91907,             0.75585,            0.017977,            0.004294,            0.019121,          8.2364e-06,          8.2364e-06,          8.2364e-06
                 291,            0.016695,           0.0067818,           0.0032731,             0.89837,             0.86284,              0.9196,             0.75599,            0.017981,           0.0042942,            0.019081,          8.0068e-06,          8.0068e-06,          8.0068e-06
                 292,            0.016604,           0.0069659,           0.0035782,             0.89809,             0.86026,              0.9202,             0.75658,            0.017995,           0.0042976,             0.01906,          7.7806e-06,          7.7806e-06,          7.7806e-06
                 293,            0.016488,           0.0068646,           0.0034465,             0.89518,             0.86374,             0.92005,             0.75621,            0.017999,            0.004297,            0.019084,          7.5579e-06,          7.5579e-06,          7.5579e-06
                 294,            0.016534,           0.0069229,           0.0037223,             0.89141,               0.866,             0.91999,             0.75565,            0.017995,           0.0042983,            0.019121,          7.3386e-06,          7.3386e-06,          7.3386e-06
                 295,            0.016538,            0.006972,           0.0035457,              0.8924,             0.86327,             0.91984,             0.75646,            0.018002,           0.0043002,            0.019181,          7.1228e-06,          7.1228e-06,          7.1228e-06
                 296,             0.01631,           0.0067363,           0.0031652,             0.89027,             0.86306,             0.91974,             0.75603,            0.018001,           0.0043005,            0.019227,          6.9105e-06,          6.9105e-06,          6.9105e-06
                 297,            0.016373,           0.0069984,           0.0037962,             0.88349,             0.86745,             0.91937,             0.75461,            0.018004,           0.0043017,            0.019283,          6.7017e-06,          6.7017e-06,          6.7017e-06
                 298,            0.016167,           0.0068901,           0.0034593,              0.8849,             0.86304,             0.91932,             0.75457,            0.018008,           0.0043044,            0.019274,          6.4965e-06,          6.4965e-06,          6.4965e-06
                 299,            0.016302,           0.0068397,           0.0032737,             0.88054,             0.86743,             0.91914,             0.75416,            0.018001,           0.0043053,            0.019279,          6.2948e-06,          6.2948e-06,          6.2948e-06
                 300,             0.01617,           0.0065629,           0.0030503,             0.87795,             0.86955,             0.91896,              0.7542,            0.017998,           0.0043086,             0.01936,          6.0966e-06,          6.0966e-06,          6.0966e-06
                 301,            0.016396,           0.0068659,           0.0033531,             0.88258,             0.86514,             0.91873,             0.75356,            0.018001,           0.0043116,            0.019449,           5.902e-06,           5.902e-06,           5.902e-06
                 302,            0.016185,           0.0067978,           0.0035251,             0.87777,             0.86799,             0.91839,             0.75398,               0.018,           0.0043109,            0.019505,          5.7111e-06,          5.7111e-06,          5.7111e-06
                 303,            0.016673,           0.0069175,           0.0032083,             0.89886,             0.84773,             0.91785,             0.75348,            0.018008,           0.0043118,            0.019527,          5.5237e-06,          5.5237e-06,          5.5237e-06
                 304,            0.016095,           0.0067201,           0.0029897,             0.88893,             0.85652,             0.91762,             0.75413,             0.01802,           0.0043136,            0.019558,          5.3399e-06,          5.3399e-06,          5.3399e-06
                 305,            0.015818,           0.0065676,           0.0029298,             0.88811,             0.85714,             0.91747,             0.75373,            0.018025,            0.004315,             0.01963,          5.1598e-06,          5.1598e-06,          5.1598e-06
                 306,            0.015871,           0.0068486,           0.0030797,             0.90483,             0.84287,             0.91739,             0.75361,            0.018034,            0.004316,            0.019719,          4.9834e-06,          4.9834e-06,          4.9834e-06
                 307,            0.016173,           0.0067512,            0.003443,             0.88852,             0.85706,             0.91739,             0.75327,            0.018039,           0.0043177,            0.019785,          4.8106e-06,          4.8106e-06,          4.8106e-06
                 308,            0.015997,           0.0067216,           0.0032396,             0.89016,             0.85496,             0.91714,             0.75351,            0.018037,           0.0043189,             0.01986,          4.6415e-06,          4.6415e-06,          4.6415e-06
                 309,            0.016323,           0.0068663,           0.0034455,             0.88787,             0.85713,             0.91723,             0.75396,            0.018044,           0.0043204,            0.019907,          4.4761e-06,          4.4761e-06,          4.4761e-06
                 310,            0.016228,           0.0066985,           0.0039542,             0.90651,             0.84281,             0.91747,             0.75431,             0.01805,            0.004321,            0.019965,          4.3144e-06,          4.3144e-06,          4.3144e-06
                 311,             0.01622,           0.0068621,           0.0032459,             0.90734,             0.84246,             0.91731,             0.75441,            0.018053,           0.0043217,            0.020039,          4.1564e-06,          4.1564e-06,          4.1564e-06
                 312,            0.015992,           0.0067991,           0.0031612,             0.90752,             0.84231,             0.91763,             0.75484,            0.018052,           0.0043208,            0.020068,          4.0021e-06,          4.0021e-06,          4.0021e-06
                 313,            0.016299,           0.0069008,           0.0033684,             0.90117,             0.84838,             0.91763,             0.75455,            0.018053,           0.0043211,            0.020078,          3.8516e-06,          3.8516e-06,          3.8516e-06
                 314,            0.015915,           0.0064747,           0.0028524,             0.90409,             0.84701,             0.91756,             0.75429,            0.018058,           0.0043224,            0.020094,          3.7049e-06,          3.7049e-06,          3.7049e-06
                 315,             0.01578,           0.0067276,           0.0031316,             0.90529,             0.84499,             0.91773,             0.75466,            0.018059,            0.004323,            0.020107,          3.5619e-06,          3.5619e-06,          3.5619e-06
                 316,            0.015862,            0.006712,           0.0030835,             0.89352,             0.85466,              0.9175,             0.75441,             0.01806,            0.004325,            0.020126,          3.4227e-06,          3.4227e-06,          3.4227e-06
                 317,            0.016046,           0.0066943,           0.0031445,             0.89441,             0.85439,             0.91758,             0.75456,            0.018057,           0.0043249,            0.020121,          3.2873e-06,          3.2873e-06,          3.2873e-06
                 318,            0.016161,           0.0067526,           0.0030162,              0.8949,             0.85464,             0.91766,              0.7545,            0.018056,           0.0043241,            0.020125,          3.1557e-06,          3.1557e-06,          3.1557e-06
                 319,            0.015851,           0.0068134,           0.0030187,             0.89463,             0.85456,             0.91757,             0.75447,            0.018054,           0.0043225,            0.020127,          3.0279e-06,          3.0279e-06,          3.0279e-06
